<?xml version="1.0" encoding="UTF-8"?>
<wap-provisioningdoc version="1.1">
	<characteristic type="VERS">
		<parm name="version" value="1"/>
		<parm name="validity" value="604800"/>
	</characteristic>
	<characteristic type="MSG">
		<parm name="title" value="generic - blackbird"/>
		<parm name="message" value="generic - blackbird"/>
		<parm name="Accept_btn" value="1"/>
		<parm name="Reject_btn" value="0"/>
	</characteristic>
	<characteristic type="APPLICATION">
		<parm name="AppID" value="ap2001"/>
		<parm name="Name" value="IMS Settings"/>
		<parm name="AppRef" value="IMS-Settings"/>
		<characteristic type="ConRefs">
			<parm name="ConRef" value="your APN"/>
		</characteristic>
		<parm name="PDP_ContextOperPref" value="0"/>
		<parm name="Timer_T1" value="2000"/>
		<parm name="Timer_T2" value="16000"/>
		<parm name="Timer_T4" value="17000"/>
		<parm name="Private_User_Identity" value="+msisdn@domain"/>
		<characteristic type="Public_user_identity_List">
			<parm name="Public_user_Identity" value="sip:+msisdn@number"/>
		</characteristic>
		<parm name="Home_network_domain_name" value="domain"/>
		<characteristic type="Ext">
			<parm name="NatUrlFmt" value="0"/>
			<parm name="IntUrlFmt" value="0"/>
			<parm name="Q-Value" value="0.5"/>
			<characteristic type="SecondaryDevicePar">
				<parm name="VoiceCall" value="0"/>
				<parm name="Chat" value="0"/>
				<parm name="SendSms" value="0"/>
				<parm name="SendMms" value="0"/>
				<parm name="FileTransfer" value="0"/>
				<parm name="VideoShare" value="0"/>
				<parm name="ImageShare" value="0"/>
				<parm name="VideoCall" value="0"/>
				<parm name="GeoLocPush" value="0"/>
			</characteristic>
			<parm name="MaxSizeImageShare" value="15360000"/>
			<parm name="MaxTimeVideoShare" value="3600"/>
		</characteristic>
		<characteristic type="ICSI_List">
			<parm name="ICSI" value="0"/>
			<parm name="ICSI_Resource_Allocation_Mode" value="0"/>
		</characteristic>
		<characteristic type="LBO_P-CSCF_Address">
			<parm name="Address" value="outbound.proxy.FQDN"/>
			<parm name="AddressType" value="FQDN"/>
		</characteristic>
		<parm name="Keep_Alive_Enabled" value="0"/>
		<parm name="RegRetryBaseTime" value="30"/>
		<parm name="RegRetryMaxTime" value="1800"/>
		<characteristic type="PhoneContext_List">
			<parm name="PhoneContext" value="domain"/>
			<parm name="Public_user_identity" value="tel:+msisdn"/>
		</characteristic>
		<characteristic type="APPAUTH">
			<parm name="AuthType" value="Digest"/>
			<parm name="Realm" value="domain"/>
			<parm name="UserName" value="+msisdn@domain"/>
			<parm name="UserPwd" value="your password"/>
		</characteristic>
	</characteristic>
	<characteristic type="APPLICATION">
		<parm name="AppID" value="ap2002"/>
		<parm name="Name" value="RCS-e Settings"/>
		<parm name="AppRef" value="RCSe-Settings"/>
		<characteristic type="IMS">
			<parm name="To-AppRef" value="IMS-Settings"/>
		</characteristic>
		<characteristic type="SERVICES">
			<parm name="presencePrfl" value="0"/>
			<parm name="ChatAuth" value="1"/>
			<parm name="ftAuth" value="1"/>
			<parm name="standaloneMsgAuth" value="0"/>
			<parm name="geolocPullAuth" value="0"/>
			<parm name="geolocPushAuth" value="1"/>
			<parm name="vsAuth" value="1"/>
			<parm name="isAuth" value="1"/>
			<parm name="rcsIPVoiceCallAuth" value="3"/>
			<parm name="rcsIPVideoCallAuth" value="3"/>
		</characteristic>
		<characteristic type="PRESENCE">
			<parm name="AvailabilityAuth" value="0"/>
			<characteristic type="FAVLINK">
				<parm name="AutMa" value="Auto"/>
				<parm name="LabelMaxLength" value="0"/>
			</characteristic>
			<parm name="IconMaxSize" value="0"/>
			<parm name="NoteMaxSize" value="0"/>
			<characteristic type="VIPCONTACTS">
				<parm name="NonVipPollPeriodSetting" value="0"/>
				<parm name="NonVipMaxPollPerPeriod" value="0"/>
			</characteristic>
			<parm name="PublishTimer" value="0"/>
			<parm name="NickNameLength" value="0"/>
			<characteristic type="Location">
				<parm name="TextMaxLength" value="0"/>
				<parm name="LocInfoMaxValidTime" value="0"/>
			</characteristic>
			<parm name="client-obj-datalimit" value="0"/>
			<parm name="source-throttle-publish" value="0"/>
			<parm name="max-number-of-subscriptions-in-presence-list" value="0"/>
		</characteristic>
		<characteristic type="XDMS">
			<parm name="RevokeTimer" value="0"/>
			<parm name="enableXDMSSubscribe" value="0"/>
			<parm name="XCAPRootURI" value="test"/>
			<parm name="XCAPAuthenticationUserName" value="test"/>
			<parm name="XCAPAuthenticationSecret" value="test"/>
			<parm name="XCAPAuthenticationType" value="Digest"/>
		</characteristic>
		<characteristic type="SUPL">
			<parm name="TextMaxLength" value="0"/>
			<parm name="LocInfoMaxValidTime" value="0"/>
			<parm name="Addr" value="test"/>
		</characteristic>
		<characteristic type="IM">
			<parm name="imMsgTech" value="0"/>
			<parm name="imCapAlwaysON" value="1"/>
			<parm name="GroupChatFullStandFwd" value="0"/>
			<parm name="GroupChatOnlyFStandFwd" value="0"/>
			<parm name="imWarnSF" value="1"/>
			<parm name="SmsFallBackAuth" value="1"/>
			<parm name="imCapNonRCS" value="0"/>
			<parm name="imWarnIW" value="0"/>
			<parm name="AutAccept" value="0"/>
			<parm name="imSessionStart" value="0"/>
			<parm name="AutAcceptGroupChat" value="1"/>
			<parm name="firstMessageInvite" value="1"/>
			<parm name="TimerIdle" value="300"/>
			<parm name="MaxConcurrentSession" value="0"/>
			<parm name="multiMediaChat" value="0"/>
			<parm name="MaxSize1to1" value="510"/>
			<parm name="MaxSize1toM" value="2000"/>
			<parm name="ftWarnSize" value="10240"/>
			<parm name="MaxSizeFileTr" value="15360"/>
			<parm name="ftThumb" value="0"/>
			<parm name="ftStAndFwEnabled" value="0"/>
			<parm name="ftCapAlwaysON" value="0"/>
			<parm name="ftAutAccept" value="1"/>
			<parm name="ftHTTPCSURI" value="your file transfer HTTP server URI"/>
			<parm name="ftHTTPCSUser" value="your file transfer HTTP server login"/>
			<parm name="ftHTTPCSPwd" value="your file transfer HTTP server password"/>
			<parm name="ftDefaultMech" value="HTTP"/>
			<parm name="pres-srv-cap" value="0"/>
			<parm name="deferred-msg-func-uri" value="sip:foo@bar"/>
			<parm name="max_adhoc_group_size" value="20"/>
			<parm name="conf-fcty-uri" value="sip:Conference-Factory@domain"/>
			<parm name="exploder-uri" value="sip:rcse-standfw@domain"/>
			<parm name="conv-hist-func-uri" value="sip:foo@bar"/>
			<parm name="delete-uri" value="sip:foo@bar"/>
		</characteristic>
		<characteristic type="CPM">
			<characteristic type="StandaloneMsg">
				<parm name="MaxSizeStandalone" value="0"/>
			</characteristic>
			<characteristic type="MessageStore">
				<parm name="AuthProt" value="1"/>
			</characteristic>
		</characteristic>
		<characteristic type="CAPDISCOVERY">
			<parm name="pollingPeriod" value="0"/>
			<parm name="pollingRate" value="0"/>
			<parm name="pollingRatePeriod" value="0"/>
			<parm name="capInfoExpiry" value="0"/>
			<parm name="defaultDisc" value="0"/>
			<characteristic type="Ext">
				<characteristic type="joyn">
					<parm name="msgCapValidity" value="5"/>
				</characteristic>
			</characteristic>
		</characteristic>
		<characteristic type="APN">
			<parm name="rcseOnlyAPN" value="your APN"/>
			<parm name="enableRcseSwitch" value="1"/>
		</characteristic>
		<characteristic type="OTHER">
			<parm name="endUserConfReqId" value="endUserConfReq@domain"/>
			<parm name="allowVSSave" value="0"/>
			<characteristic type="transportProto">
				<parm name="psSignalling" value="SIPoUDP"/>
				<parm name="psMedia" value="MSRP"/>
				<parm name="psRTMedia" value="RTP"/>
				<parm name="wifiSignalling" value="SIPoTCP"/>
				<parm name="wifiMedia" value="MSRP"/>
				<parm name="wifiRTMedia" value="RTP"/>
			</characteristic>
			<parm name="beIPCallBreakOut" value="0"/>
			<parm name="beIPCallBreakOutCS" value="0"/>
			<parm name="beIPVideoCallUpgradeFromCS" value="0"/>
			<parm name="beIPVideoCallUpgradeOnCapError" value="0"/>
			<parm name="beIPVideoCallUpgradeAttemptEarly" value="0"/>
		</characteristic>
		<characteristic type="SERVICEPROVIDEREXT">
			<characteristic type="joyn">
				<characteristic type="UX">
					<parm name="e2eVoiceCapabilityHandling" value="0"/>
					<parm name="messagingUX" value="1"/>
					<parm name="oneButtonVideoCall" value="0"/>
				</characteristic>
				<characteristic type="Messaging">
					<parm name="deliveryTimeout" value="0"/>
					<parm name="ftHTTPCapAlwaysOn" value="1"/>
				</characteristic>
			</characteristic>
		</characteristic>
	</characteristic>
</wap-provisioningdoc>
